{"cameraMode":{"drawMode":0,"name":"Shaded","section":"Shading Mode"},"sceneLighting":true,"audioPlay":false,"sceneViewState":{"showFog":true,"showMaterialUpdate":true,"showSkybox":true,"showFlares":true,"showImageEffects":true,"showParticleSystems":true},"in2DMode":false,"pivot":{"x":-0.002274155616760254,"y":0.722565233707428,"z":0.14740264415740968},"rotation":{"x":-0.237005814909935,"y":0.2229394167661667,"z":-0.055981025099754336,"w":-0.9439239501953125},"size":8.640122413635254,"orthographic":false}