{"cameraMode":{"drawMode":0,"name":"Shaded","section":"Shading Mode"},"sceneLighting":false,"audioPlay":false,"sceneViewState":{"showFog":true,"showMaterialUpdate":true,"showSkybox":false,"showFlares":true,"showImageEffects":true,"showParticleSystems":true},"in2DMode":false,"pivot":{"x":0.00000762939453125,"y":0.26451727747917178,"z":0.00000286102294921875},"rotation":{"x":-0.17738576233386994,"y":-0.6956352591514587,"z":0.18379929661750794,"w":-0.6714490056037903},"size":69.59326171875,"orthographic":false}